CREATE DATABASE IF NOT EXISTS farmaciadb;
USE farmaciadb;

SET SQL_MODE = "NO_AUTO_VALUE_ON_ZERO";
START TRANSACTION;
SET time_zone = "+00:00";


CREATE TABLE `clientes` (
  `id_cliente` int(11) NOT NULL,
  `nome` varchar(100) NOT NULL,
  `cpf` varchar(15) NOT NULL,
  `telefone` varchar(20) DEFAULT NULL,
  `endereco` varchar(255) DEFAULT NULL
) ENGINE=InnoDB DEFAULT CHARSET=utf8mb4 COLLATE=utf8mb4_general_ci;


INSERT INTO `clientes` (`id_cliente`, `nome`, `cpf`, `telefone`, `endereco`) VALUES
(2, 'Pedro Alvares', '173.894.625-09', '(21)98765-4321', 'Avenida Principal 456'),
(3, 'Ana Paula', '524.107.936-80', '(31)99876-5432', 'Rua Secundária 789'),
(4, 'Carlos Eduardo', '806.325.194.71', '(41)97654-3210', 'Travessa da Paz 101'),
(5, 'Mariana Ferreira', '491.750.238-62', '(51)96543-2109', 'Largo da Alegria 202'),
(10, 'Pedro Alvares', '614.987.502-31', '(21)98765-4321', 'Avenida Principal, 456'),
(11, 'Ana Paula', '302.519.784-62', '(31)99876-5432', 'Rua Secundária, 789'),
(12, 'Carlos Eduardo', '875.463.120-93', '(41)97654-3210', 'Travessa da Paz, 101'),
(13, 'Mariana Ferreira', '421.896.053-74', '(51)96543-2109', 'Largo da Alegria, 202'),
(50, 'Helena Costa', '100.579.246-80', '(11)93145-6789', 'Rua Alfa, 10'),
(51, 'Roberto Dias', '224.680.135-71', '(21)98642-0135', 'Avenida Beta, 20'),
(52, 'Valeria Rocha', '385.791.024-62', '(31)97531-9087', 'Travessa Gama, 30'),
(53, 'Guilherme Neves', '476.082.913-53', '(41)96420-8765', 'Rua Delta, 40'),
(54, 'Leticia Pires', '567.193.042-84', '(51)95319-7654', 'Largo Epsilon, 50'),
(60, 'Helena Costa', '101.579.246-81', '(11)93145-6789', 'Rua Alfa, 10'),
(61, 'Roberto Dias', '284.680.135-72', '(21)98642-0135', 'Avenida Beta, 20'),
(62, 'Valeria Rocha', '388.791.024-63', '(31)97531-9087', 'Travessa Gama, 30'),
(63, 'Guilherme Neves', '476.082.913-54', '(41)96420-8765', 'Rua Delta, 40'),
(64, 'Leticia Pires', '437.193.042-85', '(51)95319-7654', 'Largo Epsilon, 50'),
(75, 'Helena Costa', '103.579.246-81', '(11)93145-6789', 'Rua Alfa, 10'),
(76, 'Roberto Dias', '294.680.135-72', '(21)98642-0135', 'Avenida Beta, 20'),
(77, 'Valeria Rocha', '385.791.024-63', '(31)97531-9087', 'Travessa Gama, 30'),
(78, 'Guilherme Neves', '471.082.913-54', '(41)96420-8765', 'Rua Delta, 40'),
(79, 'Leticia Pires', '567.193.042-85', '(51)95319-7654', 'Largo Epsilon, 50');


CREATE TABLE `itensvenda` (
  `id_item` int(11) NOT NULL,
  `id_venda` int(11) NOT NULL,
  `id_medicamento` int(11) NOT NULL,
  `quantidade` int(11) NOT NULL,
  `preco_unitario` decimal(10,2) NOT NULL
) ENGINE=InnoDB DEFAULT CHARSET=utf8mb4 COLLATE=utf8mb4_general_ci;


INSERT INTO `itensvenda` (`id_item`, `id_venda`, `id_medicamento`, `quantidade`, `preco_unitario`) VALUES
(7, 50, 50, 2, 8.50),
(8, 51, 51, 2, 15.00),
(9, 52, 52, 1, 19.99),
(10, 53, 53, 1, 25.00),
(11, 54, 54, 1, 60.00),
(12, 54, 50, 1, 5.99);


CREATE TABLE `medicamento` (
  `id_medicamento` int(11) NOT NULL,
  `nome` varchar(100) NOT NULL,
  `preco` decimal(10,2) NOT NULL,
  `quantidade_estoque` int(11) NOT NULL,
  `data_validade` date DEFAULT NULL
) ENGINE=InnoDB DEFAULT CHARSET=utf8mb4 COLLATE=utf8mb4_general_ci;


INSERT INTO `medicamento` (`id_medicamento`, `nome`, `preco`, `quantidade_estoque`, `data_validade`) VALUES
(50, 'Paracetamol', 8.50, 150, NULL),
(51, 'Captopril', 15.00, 70, NULL),
(52, 'Losartana', 19.99, 80, NULL),
(53, 'Metformina', 25.00, 60, NULL),
(54, 'Sertralina', 60.00, 40, NULL);



CREATE TABLE `vendas` (
  `id_venda` int(11) NOT NULL,
  `data` datetime NOT NULL,
  `id_cliente` int(11) NOT NULL,
  `total` decimal(10,2) NOT NULL
) ENGINE=InnoDB DEFAULT CHARSET=utf8mb4 COLLATE=utf8mb4_general_ci;


INSERT INTO `vendas` (`id_venda`, `data`, `id_cliente`, `total`) VALUES
(50, '2025-10-16 10:00:00', 50, 17.00),
(51, '2025-10-16 11:30:00', 51, 30.00),
(52, '2025-10-16 14:45:00', 52, 19.99),
(53, '2025-10-16 16:00:00', 53, 25.00),
(54, '2025-10-16 17:30:00', 54, 65.99);


ALTER TABLE `clientes`
  ADD PRIMARY KEY (`id_cliente`),
  ADD UNIQUE KEY `cpf` (`cpf`);


ALTER TABLE `itensvenda`
  ADD PRIMARY KEY (`id_item`),
  ADD KEY `id_venda` (`id_venda`),
  ADD KEY `id_medicamento` (`id_medicamento`);


ALTER TABLE `medicamento`
  ADD PRIMARY KEY (`id_medicamento`);


ALTER TABLE `vendas`
  ADD PRIMARY KEY (`id_venda`),
  ADD KEY `id_cliente` (`id_cliente`);


ALTER TABLE `clientes`
  MODIFY `id_cliente` int(11) NOT NULL AUTO_INCREMENT, AUTO_INCREMENT=80;


ALTER TABLE `itensvenda`
  MODIFY `id_item` int(11) NOT NULL AUTO_INCREMENT, AUTO_INCREMENT=19;


ALTER TABLE `medicamento`
  MODIFY `id_medicamento` int(11) NOT NULL AUTO_INCREMENT, AUTO_INCREMENT=55;


ALTER TABLE `vendas`
  MODIFY `id_venda` int(11) NOT NULL AUTO_INCREMENT, AUTO_INCREMENT=55;


ALTER TABLE `itensvenda`
  ADD CONSTRAINT `itensvenda_ibfk_1` FOREIGN KEY (`id_venda`) REFERENCES `vendas` (`id_venda`),
  ADD CONSTRAINT `itensvenda_ibfk_2` FOREIGN KEY (`id_medicamento`) REFERENCES `medicamento` (`id_medicamento`);


ALTER TABLE `vendas`
  ADD CONSTRAINT `vendas_ibfk_1` FOREIGN KEY (`id_cliente`) REFERENCES `clientes` (`id_cliente`);
COMMIT;


